"s";"i";"resi";"taa";"obs";"signal";"note";"active";"inactive";"init_m";"init_ddG";"gmma";"gmma_reparam";"ddG_glob";"se";"stderr_meas";"stderr_meas_est";"stderr_fit";"stderr_fit_est";"suberr";"obserr";"stderr_subfit_est";"rank";"eff"
"A1C";1;1;"C";8000;0;" posU";18;7982;"none";0.543785226373706;"use";NA;0.969900647420215;1.19973971280655;0;0;0.120590966893147;0.00134824799722752;0.468582164156561;0.0447213595499958;0.000631764964360621;75;"destab"
"A1D";2;1;"D";8000;0;" posU";62;7938;"none";0.48725876557242;"use";NA;0.333289056338372;0.490724720491119;0;0;0.0493248392886495;0.000551468468143364;0.86069702945494;0.0447213595499958;0.000474647272369059;24;"destab"
"A1E";3;1;"E";8000;0;" posU";103;7897;"none";-0.696401897390983;"use";NA;0.234877244437335;0.440458881197646;0;0;0.0442724049169344;0.000494980534608306;1.11312278674632;0.0447213595499958;0.00055097411206838;19;"destab"
"A1F";4;1;"F";8000;0;" posU";53;7947;"none";0.148265823743303;"use";NA;0.444515478193525;0.561632603744854;0;0;0.0564520937344587;0.000631153595312199;0.798519016361651;0.0447213595499958;0.000503988148101816;42;"destab"
"A1G";5;1;"G";8000;0;" posU";53;7947;"none";0.552721542905271;"use";NA;0.47295585552716;0.582455879882781;0;0;0.0585451302294177;0.000654554454722779;0.799550881013252;0.0447213595499958;0.000523349590944747;45;"destab"
"A1H";6;1;"H";8000;0;" posU";14;7986;"none";-0.184096690076627;"use";NA;1.12102029142446;1.52462334270213;0;0;0.153246409268406;0.00171334694215955;0.413938302486973;0.0447213595499958;0.000709219924808772;76;"destab"
"A1I";7;1;"I";8000;0;" posU";142;7858;"none";0.315223196483864;"use";NA;0.0720433351042082;0.377730104742323;0;0;0.0379672674575135;0.000424486954774579;1.30279635151762;0.0447213595499958;0.000553020055947148;12;"destab"
"A1K";8;1;"K";8000;0;" posU";27;7973;"none";-0.0760344328793475;"use";NA;0.770610429708357;0.884143312523094;0;0;0.0888690236650206;0.000993585890045118;0.572650069342246;0.0447213595499958;0.000568977028831814;71;"destab"
"A1L";9;1;"L";8000;0;" posU";49;7951;"none";-0.485322987593499;"use";NA;0.408945354064755;0.537119367992895;0;0;0.053988163625741;0.000603606019237692;0.765220092267367;0.0447213595499958;0.000461891453734205;33;"destab"
"A1M";10;1;"M";8000;0;" posU";216;7784;"none";0.174044402957397;"use";NA;-0.0429498608137777;0.345804234174586;0;0;0.0347582617377123;0.000388609180126273;1.60888025216406;0.0447213595499958;0.000625225635714828;7;"stab"
"A1N";11;1;"N";8000;0;" posU";41;7959;"none";-0.28189151161013;"use";NA;0.536691348908618;0.633482495991116;0;0;0.0636740335307805;0.00071189733688213;0.702725940293849;0.0447213595499958;0.000500268725453182;52;"destab"
"A1P";12;1;"P";8000;0;" posU";56;7944;"none";0.929419891601311;"use";NA;0.411216144738093;0.538672147210601;0;0;0.05414424010236;0.000605351007294736;0.820060364766286;0.0447213595499958;0.00049642436785376;34;"destab"
"A1Q";13;1;"Q";8000;0;" posU";17;7983;"none";0.476511734860916;"use";NA;0.953827263255651;1.1698902213972;0;0;0.117590666918162;0.00131470362374273;0.454957331115505;0.0447213595499958;0.000598134051865876;74;"destab"
"A1R";14;1;"R";8000;0;" posU";29;7971;"none";0.0405936513046247;"use";NA;0.653722355166334;0.745215772601476;0;0;0.074904822773443;0.000837461377819965;0.591254201745376;0.0447213595499958;0.000495152558435526;63;"destab"
"A1S";15;1;"S";8000;0;" posU";104;7896;"none";-0.868481068651819;"use";NA;0.191713623383714;0.421514231713875;0;0;0.0423681972172864;0.000473690845309849;1.11629237351626;0.0447213595499958;0.000528777478023857;18;"destab"
"A1T";16;1;"T";8000;0;" posU";34;7966;"none";0.199333255230969;"use";NA;0.651390585061446;0.742846509848409;0;0;0.0746666780465773;0.00083479883883119;0.641482890685936;0.0447213595499958;0.000535509172274695;62;"destab"
"A1V";17;1;"V";8000;0;" posU";37;7963;"none";-0.489247565217255;"use";NA;0.589993629495112;0.681372174671883;0;0;0.0684876298422723;0.00076571497972582;0.668210920398891;0.0447213595499958;0.000511659111365808;57;"destab"
"A1W";18;1;"W";8000;0;" posU";242;7758;"none";-0.0581350220408226;"use";NA;-0.152699241779841;0.322668113712819;0;0;0.0324327513733732;0.00036260918384106;1.69541696559094;0.0447213595499958;0.000614773762163218;1;"stab"
"A1Y";19;1;"Y";8000;0;" posU";229;7771;"none";0.356800630758897;"use";NA;-0.152106848058535;0.322776050824921;0;0;0.0324436005938942;0.000362730481814;1.64736295369773;0.0447213595499958;0.00059754875791731;2;"stab"
"V2A";20;2;"A";8000;0;" posU";171;7829;"none";0.0440916593871172;"use";NA;0.019771974614451;0.362087869983232;0;0;0.0363949995782117;0.000406908465489788;1.43037880485058;0.0447213595499958;0.000582033244550865;11;"destab"
"V2C";21;2;"C";8000;1;" posU";156;7844;"none";0.103078544965839;"use";NA;0.0780334518348405;0.37962251666291;0;0;0.0381574818688793;0.000426613616545149;1.36836367254277;0.0447213595499958;0.000583762575092472;13;"destab"
"V2D";22;2;"D";8000;0;" posU";30;7970;"none";0.890343848129752;"use";NA;0.676701000358353;0.76963506255124;0;0;0.0773593099880051;0.00086490337912829;0.602214021926416;0.0447213595499958;0.000520856942522595;67;"destab"
"V2E";23;2;"E";8000;0;" posU";190;7810;"none";0.184508276442726;"use";NA;-0.10881735103593;0.331153208202372;0;0;0.0332856244905607;0.000372144595172127;1.49826949380207;0.0447213595499958;0.000557572894229721;5;"stab"
"V2F";24;2;"F";8000;0;" posU";59;7941;"none";0.577526139845751;"use";NA;0.329781490005885;0.488485309786102;0;0;0.0490997465461937;0.000548951854776498;0.838519140062751;0.0447213595499958;0.000460306637203042;23;"destab"
"V2G";25;2;"G";8000;0;" posU";25;7975;"none";0.219511222084979;"use";NA;0.814350019673129;0.943331958720404;0;0;0.0948183274997107;0.00106010112901095;0.551366291046782;0.0447213595499958;0.000584504027637276;72;"destab"
"V2H";26;2;"H";8000;0;" posU";206;7794;"none";0.0319034483991013;"use";NA;-0.140013366208693;0.325031577600737;0;0;0.0326703132315151;0.000365265206159393;1.55953064543289;0.0447213595499958;0.000569642282715936;3;"stab"
"V2I";27;2;"I";8000;0;" posU";34;7966;"none";-0.0462736812113483;"use";NA;0.743035003973656;0.847989895961058;0;0;0.0852350892264349;0.000952957267892842;0.643433030995948;0.0447213595499958;0.000613164183289909;70;"destab"
"V2K";28;2;"K";8000;0;" posU";59;7941;"none";0.384848917333294;"use";NA;0.431362797747521;0.552078666996362;0;0;0.0554917867129953;0.000620417036415886;0.843201139908401;0.0447213595499958;0.000523136352324467;36;"destab"
"V2L";29;2;"L";8000;0;" posU";60;7940;"none";0.188121549492509;"use";NA;0.339892716244891;0.494261394375532;0;0;0.0496803254984954;0.000555442924794759;0.84643712987703;0.0447213595499958;0.000470147515073779;26;"destab"
"V2M";30;2;"M";8000;1;" posU";42;7958;"none";0.0656539186991881;"use";NA;0.526871290576599;0.624795047068877;0;0;0.0628008209045876;0.000702134522927239;0.71114743375842;0.0447213595499958;0.000499321164132898;51;"destab"
"V2N";31;2;"N";8000;0;" posU";45;7955;"none";-0.144800684144617;"use";NA;0.546033745539837;0.641129636330233;0;0;0.0644426802944226;0.000720491068953075;0.737399911884318;0.0447213595499958;0.000531290050759435;54;"destab"
"V2P";32;2;"P";8000;0;" posU";39;7961;"none";-0.310156153659608;"use";NA;0.674383325060616;0.767194636276008;0;0;0.0771140123113339;0.000862160867729491;0.688590821163139;0.0447213595499958;0.000593676059884575;66;"destab"
"V2Q";33;2;"Q";8000;0;" posU";44;7956;"none";0.566429605337476;"use";NA;0.524359574209324;0.622716337121688;0;0;0.062591880882226;0.000699798502461134;0.728261341538571;0.0447213595499958;0.000509636196209028;50;"destab"
"V2R";34;2;"R";8000;0;" posU";58;7942;"none";-0.837534344260713;"use";NA;0.417581305463501;0.542645611244687;0;0;0.0545436299572351;0.000609816321619858;0.835345478305195;0.0447213595499958;0.000509407306861855;35;"destab"
"V2S";35;2;"S";8000;0;" posU";16;7984;"none";-0.15151971255231;"use";NA;0.951706377398295;1.16487902321656;0;0;0.117086969968361;0.00130907212064366;0.4410978395508;0.0447213595499958;0.000577428884232101;73;"destab"
"V2T";36;2;"T";8000;0;" posU";37;7963;"none";-0.181409155520217;"use";NA;0.690163702472116;0.784863890911417;0;0;0.0788900246230216;0.000882017289018543;0.670698584762942;0.0447213595499958;0.000591567747481184;69;"destab"
"V2W";37;2;"W";8000;1;" posU";201;7799;"none";0.994000144308944;"use";NA;-0.0561073194164798;0.342674908454081;0;0;0.0344437198330549;0.000385092494723342;1.54882597299939;0.0447213595499958;0.000596441257834641;6;"stab"
"V2Y";38;2;"Y";8000;0;" posU";32;7968;"none";-0.199089273934491;"use";NA;0.648846002951145;0.739508475530776;0;0;0.0743311579486852;0.000831047610097669;0.621781360842893;0.0447213595499958;0.000516729913931763;61;"destab"
"S3A";39;3;"A";8000;0;" posU";53;7947;"none";-0.0524873107041121;"use";NA;0.406525774926459;0.501064867042266;0;0;0.0503641716180786;0.000563088556842446;0.794589003021324;0.0447213595499958;0.000447423974994155;32;"destab"
"S3C";40;3;"C";8000;0;" posU";43;7957;"none";-0.0137784855476442;"use";NA;0.58098152471128;0.626650626237859;0;0;0.0629873330986458;0.000704219792649973;0.720001689600562;0.0447213595499958;0.000507039440558137;55;"destab"
"S3D";41;3;"D";8000;0;" posU";54;7946;"none";-0.563029610098428;"use";NA;0.477645387417028;0.547130714078343;0;0;0.0549944468148854;0.000614856607315403;0.805639796437838;0.0447213595499958;0.000495352951956041;46;"destab"
"S3E";42;3;"E";8000;0;" posU";67;7933;"none";0.134978606255862;"use";NA;0.364855270855107;0.477052500716859;0;0;0.0479505860364197;0.000536103849691933;0.895294076759124;0.0447213595499958;0.000479970601156952;28;"destab"
"S3F";43;3;"F";8000;0;" posU";193;7807;"none";0.583013611036915;"use";NA;-0.0106655354737841;0.334830667379817;0;0;0.0336552616320042;0.00037627726404851;1.51662591377044;0.0447213595499958;0.000570671849418614;9;"stab"
"S3G";44;3;"G";8000;0;" posU";63;7937;"none";-0.34296591735839;"use";NA;0.448134212415262;0.527307098542783;0;0;0.0530018904801793;0.000592579150248399;0.871132829286448;0.0447213595499958;0.000516215151732047;43;"destab"
"S3H";45;3;"H";8000;0;" posU";130;7870;"none";-0.190762196519541;"use";NA;0.10875978073189;0.367878698954936;0;0;0.0369770605514015;0.000413416105005298;1.24384578707029;0.0447213595499958;0.00051422588051785;14;"destab"
"S3I";46;3;"I";8000;0;" posU";45;7955;"none";-0.192846675289066;"use";NA;0.467883474278359;0.540375036640287;0;0;0.0543154047980402;0.00060726468676918;0.7326655353863;0.0447213595499958;0.000444921906852935;44;"destab"
"S3K";47;3;"K";8000;0;" posU";54;7946;"none";0.214178800419282;"use";NA;0.523257002124062;0.580346700698368;0;0;0.0583331276137801;0.000652184193422912;0.807464507809446;0.0447213595499958;0.000526615588743332;49;"destab"
"S3L";48;3;"L";8000;0;" posU";140;7860;"none";0.177370895894456;"use";NA;0.149879212007136;0.381565845616595;0;0;0.0383528141688897;0.000428797498050272;1.29576080172799;0.0447213595499958;0.000555618989852577;15;"destab"
"S3M";49;3;"M";8000;0;" posU";127;7873;"none";0.538910082001459;"use";NA;0.162503642214375;0.386017352953079;0;0;0.0388002541995133;0.000433800029671918;1.23304015350301;0.0447213595499958;0.000534892855176272;16;"destab"
"S3N";50;3;"N";8000;0;" posU";125;7875;"none";0.157814837691722;"use";NA;0.188293466446727;0.395533997768372;0;0;0.0397568128493643;0.000444494680499579;1.22468488594406;0.0447213595499958;0.000544365917090369;17;"destab"
"S3P";51;3;"P";8000;0;" posU";54;7946;"none";0.0966230596859226;"use";NA;0.431709771852942;0.516658405858176;0;0;0.0519315448599774;0.000580612322417446;0.803714353582091;0.0447213595499958;0.000466646457393534;37;"destab"
"S3Q";52;3;"Q";8000;0;" posU";46;7954;"none";0.343217653694418;"use";NA;0.582715147667864;0.628135004550611;0;0;0.0631365343079242;0.00070588791288133;0.745528255808543;0.0447213595499958;0.000526259384486751;56;"destab"
"S3R";53;3;"R";8000;0;" posU";37;7963;"none";0.387133147673868;"use";NA;0.598683349287519;0.641852918895494;0;0;0.0645153805167714;0.000721303882148832;0.666977560647497;0.0447213595499958;0.000481093503801198;59;"destab"
"S3T";54;3;"T";8000;0;" posU";52;7948;"none";0.154327755646463;"use";NA;0.442041714764663;0.523249437775461;0;0;0.0525940376517427;0.0005880192170024;0.788537048354015;0.0447213595499958;0.000463674937750512;41;"destab"
"S3V";55;3;"V";8000;0;" posU";60;7940;"none";-0.523681123800981;"use";NA;0.369212566601329;0.479425546856152;0;0;0.0481891110476074;0.000538770640388681;0.845543775329061;0.0447213595499958;0.000455554161310701;29;"destab"
"S3W";56;3;"W";8000;0;" posU";72;7928;"none";0.09234257353111;"use";NA;0.342623481625252;0.465031728257149;0;0;0.0467423268129855;0.000522595100901733;0.92813142577257;0.0447213595499958;0.000485036936101685;27;"destab"
"S3Y";57;3;"Y";8000;0;" posU";91;7909;"none";-0.406536661880085;"use";NA;0.237161789300732;0.415064829556259;0;0;0.0417199402380702;0.000466443111947769;1.04158682690521;0.0447213595499958;0.000485841000905466;20;"destab"
"T4A";58;4;"A";8000;0;" posU";79;7921;"none";-1.07190480594071;"use";NA;0.303037609617239;0.444371028541103;0;0;0.0446656315691324;0.000499376942232703;0.97174771783705;0.0447213595499958;0.000485268403955074;22;"destab"
"T4C";59;4;"C";8000;0;" posU";43;7957;"none";-0.384789335902161;"use";NA;0.507883997019914;0.569480381062277;0;0;0.0572409073784251;0.000639972799959639;0.717405886336926;0.0447213595499958;0.000459120253786569;48;"destab"
"T4D";60;4;"D";8000;0;" posU";60;7940;"none";-0.528739878921064;"use";NA;0.431858876018962;0.516956221510332;0;0;0.0519614795842064;0.000580947002808765;0.848859335647325;0.0447213595499958;0.000493142286850553;38;"destab"
"T4E";61;4;"E";8000;0;" posU";40;7960;"none";0.915950275052188;"use";NA;0.590562126830496;0.636241659403988;0;0;0.0639513688396168;0.000714998039897725;0.694147893377863;0.0447213595499958;0.000496314383164307;58;"destab"
"T4F";62;4;"F";8000;1;" posU";195;7805;"none";0.315622691594655;"use";NA;-0.0202907425332746;0.330921308208783;0;0;0.0332623152309346;0.000371883989726982;1.52391411494042;0.0447213595499958;0.000566719261065307;8;"stab"
"T4G";63;4;"G";8000;0;" posU";60;7940;"none";0.0230112535562854;"use";NA;0.436027963835753;0.519629275321597;0;0;0.0522301596489045;0.000583950937253085;0.848986332672078;0.0447213595499958;0.000495766364678919;39;"destab"
"T4H";64;4;"H";8000;0;" posU";47;7953;"none";0.395599431441642;"use";NA;0.542252180695154;0.596038261055902;0;0;0.0599103534198265;0.000669818114013845;0.752538769309744;0.0447213595499958;0.000504064099181353;53;"destab"
"T4I";65;4;"I";8000;0;" posU";36;7964;"none";0.0889555521066739;"use";NA;0.688601795907961;0.730289002165046;0;0;0.0734044692715069;0.000820686915716919;0.660334140388707;0.0447213595499958;0.000541927589018191;68;"destab"
"T4K";66;4;"K";8000;0;" posU";250;7750;"none";-0.505608651174392;"use";NA;-0.113740718154049;0.311236538032363;0;0;0.0312837148367784;0.000349762564818776;1.72423558426812;0.0447213595499958;0.000603073060305419;4;"stab"
"T4L";67;4;"L";8000;0;" posU";83;7917;"none";0.768149346618923;"use";NA;0.282206201626126;0.434344233947106;0;0;0.0436577955843582;0.000488108993372076;0.995767124819284;0.0447213595499958;0.000486042888928547;21;"destab"
"T4M";68;4;"M";8000;0;" posU";53;7947;"none";-0.654015058037262;"use";NA;0.440458323680671;0.52245638826469;0;0;0.0525143248554777;0.000587128000846775;0.796419554475683;0.0447213595499958;0.000467600220854587;40;"destab"
"T4N";69;4;"N";8000;0;" posU";50;7950;"none";-0.0174840057289052;"use";NA;0.506207795228312;0.568314324318422;0;0;0.0571237020307212;0.000638662404335677;0.775549407115091;0.0447213595499958;0.000495314249029233;47;"destab"
"T4P";70;4;"P";8000;0;" posU";31;7969;"none";-0.489898157319602;"use";NA;0.661926748037282;0.702911505347833;0;0;0.0706526400396657;0.000789920529592579;0.610836846621393;0.0447213595499958;0.000482512565377832;64;"destab"
"T4Q";71;4;"Q";8000;0;" posU";37;7963;"none";-0.391149451878083;"use";NA;0.612058282130844;0.655410188752731;0;0;0.065878079661481;0.000736539321751089;0.667491597232067;0.0447213595499958;0.000491633808299858;60;"destab"
"T4R";72;4;"R";8000;0;" posU";33;7967;"none";-0.666245420774523;"use";NA;0.661957185253603;0.702923635479277;0;0;0.0706538592910281;0.00078993416123722;0.630828232944202;0.0447213595499958;0.000498312771075536;65;"destab"
"T4S";73;4;"S";8000;0;" posU";65;7935;"none";-0.619140153493213;"use";NA;0.390875699844939;0.491724677857074;0;0;0.0494253492778791;0.000552592203985039;0.882708761927014;0.0447213595499958;0.000487777980230154;30;"destab"
"T4V";74;4;"V";8000;0;" posU";78;7922;"none";0.32446332629015;"use";NA;0.339644847509384;0.463102083939712;0;0;0.0465483700142601;0.000520426597968493;0.967427083309977;0.0447213595499958;0.000503474785749593;25;"destab"
"T4W";75;4;"W";8000;0;" posU";186;7814;"none";-0.0765905641764954;"use";NA;0.0126476659250268;0.338996957408296;0;0;0.0340740332518218;0.000380959273093309;1.48959959248173;0.0447213595499958;0.00056747677795193;10;"destab"
"T4Y";76;4;"Y";8000;0;" posU";61;7939;"none";-0.319872003016251;"use";NA;0.404286734465047;0.499728162978582;0;0;0.0502298137788163;0.000561586390532945;0.854759538998587;0.0447213595499958;0.00048002132427982;31;"destab"
